"filename", "language", "XML", "C#", "JSON", "Properties", "HTML", "Markdown", "MS SQL", "comment", "blank", "total"
"c:\Users\herma\source\repos\SistemaVenta\App\.vs\SistemaVenta\v17\DocumentLayout.backup.json", "JSON", 0, 0, 53, 0, 0, 0, 0, 0, 0, 53
"c:\Users\herma\source\repos\SistemaVenta\App\.vs\SistemaVenta\v17\DocumentLayout.json", "JSON", 0, 0, 53, 0, 0, 0, 0, 0, 0, 53
"c:\Users\herma\source\repos\SistemaVenta\App\Database\DB.sql", "MS SQL", 0, 0, 0, 0, 0, 0, 1299, 3, 54, 1356
"c:\Users\herma\source\repos\SistemaVenta\App\Datos\CapaDatos.cs", "C#", 0, 1775, 0, 0, 0, 0, 0, 20, 132, 1927
"c:\Users\herma\source\repos\SistemaVenta\App\Datos\Datos.csproj", "XML", 54, 0, 0, 0, 0, 0, 0, 0, 0, 54
"c:\Users\herma\source\repos\SistemaVenta\App\Datos\Properties\AssemblyInfo.cs", "C#", 0, 15, 0, 0, 0, 0, 0, 17, 5, 37
"c:\Users\herma\source\repos\SistemaVenta\App\Datos\obj\Debug\.NETFramework,Version=v4.7.2.AssemblyAttributes.cs", "C#", 0, 3, 0, 0, 0, 0, 0, 1, 1, 5
"c:\Users\herma\source\repos\SistemaVenta\App\Datos\obj\Release\.NETFramework,Version=v4.7.2.AssemblyAttributes.cs", "C#", 0, 3, 0, 0, 0, 0, 0, 1, 1, 5
"c:\Users\herma\source\repos\SistemaVenta\App\Entidad\Categoria.cs", "C#", 0, 15, 0, 0, 0, 0, 0, 0, 3, 18
"c:\Users\herma\source\repos\SistemaVenta\App\Entidad\Cliente.cs", "C#", 0, 19, 0, 0, 0, 0, 0, 0, 2, 21
"c:\Users\herma\source\repos\SistemaVenta\App\Entidad\Compra.cs", "C#", 0, 20, 0, 0, 0, 0, 0, 0, 3, 23
"c:\Users\herma\source\repos\SistemaVenta\App\Entidad\Detalle_Compra.cs", "C#", 0, 18, 0, 0, 0, 0, 0, 0, 2, 20
"c:\Users\herma\source\repos\SistemaVenta\App\Entidad\Detalle_Venta.cs", "C#", 0, 18, 0, 0, 0, 0, 0, 0, 2, 20
"c:\Users\herma\source\repos\SistemaVenta\App\Entidad\Entidad.csproj", "XML", 67, 0, 0, 0, 0, 0, 0, 0, 0, 67
"c:\Users\herma\source\repos\SistemaVenta\App\Entidad\Inventario.cs", "C#", 0, 19, 0, 0, 0, 0, 0, 0, 2, 21
"c:\Users\herma\source\repos\SistemaVenta\App\Entidad\Negocio.cs", "C#", 0, 17, 0, 0, 0, 0, 0, 0, 2, 19
"c:\Users\herma\source\repos\SistemaVenta\App\Entidad\Oferta.cs", "C#", 0, 19, 0, 0, 0, 0, 0, 0, 2, 21
"c:\Users\herma\source\repos\SistemaVenta\App\Entidad\Permiso.cs", "C#", 0, 14, 0, 0, 0, 0, 0, 0, 2, 16
"c:\Users\herma\source\repos\SistemaVenta\App\Entidad\Producto.cs", "C#", 0, 22, 0, 0, 0, 0, 0, 0, 2, 24
"c:\Users\herma\source\repos\SistemaVenta\App\Entidad\Properties\AssemblyInfo.cs", "C#", 0, 15, 0, 0, 0, 0, 0, 17, 5, 37
"c:\Users\herma\source\repos\SistemaVenta\App\Entidad\Proveedor.cs", "C#", 0, 20, 0, 0, 0, 0, 0, 0, 2, 22
"c:\Users\herma\source\repos\SistemaVenta\App\Entidad\Reclamo.cs", "C#", 0, 15, 0, 0, 0, 0, 0, 0, 2, 17
"c:\Users\herma\source\repos\SistemaVenta\App\Entidad\Reporte_Compra.cs", "C#", 0, 27, 0, 0, 0, 0, 0, 0, 2, 29
"c:\Users\herma\source\repos\SistemaVenta\App\Entidad\Reporte_Venta.cs", "C#", 0, 25, 0, 0, 0, 0, 0, 0, 2, 27
"c:\Users\herma\source\repos\SistemaVenta\App\Entidad\Rol.cs", "C#", 0, 13, 0, 0, 0, 0, 0, 0, 2, 15
"c:\Users\herma\source\repos\SistemaVenta\App\Entidad\Sucursal.cs", "C#", 0, 18, 0, 0, 0, 0, 0, 0, 2, 20
"c:\Users\herma\source\repos\SistemaVenta\App\Entidad\Transportista.cs", "C#", 0, 20, 0, 0, 0, 0, 0, 0, 2, 22
"c:\Users\herma\source\repos\SistemaVenta\App\Entidad\Unidad_Medida.cs", "C#", 0, 16, 0, 0, 0, 0, 0, 0, 2, 18
"c:\Users\herma\source\repos\SistemaVenta\App\Entidad\Usuario.cs", "C#", 0, 18, 0, 0, 0, 0, 0, 0, 2, 20
"c:\Users\herma\source\repos\SistemaVenta\App\Entidad\Venta.cs", "C#", 0, 23, 0, 0, 0, 0, 0, 0, 2, 25
"c:\Users\herma\source\repos\SistemaVenta\App\Entidad\obj\Debug\.NETFramework,Version=v4.7.2.AssemblyAttributes.cs", "C#", 0, 3, 0, 0, 0, 0, 0, 1, 1, 5
"c:\Users\herma\source\repos\SistemaVenta\App\Entidad\obj\Release\.NETFramework,Version=v4.7.2.AssemblyAttributes.cs", "C#", 0, 3, 0, 0, 0, 0, 0, 1, 1, 5
"c:\Users\herma\source\repos\SistemaVenta\App\Negocios\CapaNegocios.cs", "C#", 0, 539, 0, 0, 0, 0, 0, 20, 8, 567
"c:\Users\herma\source\repos\SistemaVenta\App\Negocios\Negocios.csproj", "XML", 58, 0, 0, 0, 0, 0, 0, 0, 0, 58
"c:\Users\herma\source\repos\SistemaVenta\App\Negocios\Properties\AssemblyInfo.cs", "C#", 0, 15, 0, 0, 0, 0, 0, 17, 5, 37
"c:\Users\herma\source\repos\SistemaVenta\App\Negocios\obj\Debug\.NETFramework,Version=v4.7.2.AssemblyAttributes.cs", "C#", 0, 3, 0, 0, 0, 0, 0, 1, 1, 5
"c:\Users\herma\source\repos\SistemaVenta\App\Negocios\obj\Release\.NETFramework,Version=v4.7.2.AssemblyAttributes.cs", "C#", 0, 3, 0, 0, 0, 0, 0, 1, 1, 5
"c:\Users\herma\source\repos\SistemaVenta\App\Presentacion\CapaPresentacion.cs", "C#", 0, 19, 0, 0, 0, 0, 0, 4, 2, 25
"c:\Users\herma\source\repos\SistemaVenta\App\Presentacion\Modales\vtnModalesClientes.Designer.cs", "C#", 0, 153, 0, 0, 0, 0, 0, 44, 6, 203
"c:\Users\herma\source\repos\SistemaVenta\App\Presentacion\Modales\vtnModalesClientes.cs", "C#", 0, 86, 0, 0, 0, 0, 0, 0, 10, 96
"c:\Users\herma\source\repos\SistemaVenta\App\Presentacion\Modales\vtnModalesOfertas.Designer.cs", "C#", 0, 157, 0, 0, 0, 0, 0, 47, 6, 210
"c:\Users\herma\source\repos\SistemaVenta\App\Presentacion\Modales\vtnModalesOfertas.cs", "C#", 0, 86, 0, 0, 0, 0, 0, 1, 10, 97
"c:\Users\herma\source\repos\SistemaVenta\App\Presentacion\Modales\vtnModalesProductos.Designer.cs", "C#", 0, 188, 0, 0, 0, 0, 0, 56, 6, 250
"c:\Users\herma\source\repos\SistemaVenta\App\Presentacion\Modales\vtnModalesProductos.cs", "C#", 0, 89, 0, 0, 0, 0, 0, 1, 9, 99
"c:\Users\herma\source\repos\SistemaVenta\App\Presentacion\Modales\vtnModalesProveedores.Designer.cs", "C#", 0, 153, 0, 0, 0, 0, 0, 44, 6, 203
"c:\Users\herma\source\repos\SistemaVenta\App\Presentacion\Modales\vtnModalesProveedores.cs", "C#", 0, 86, 0, 0, 0, 0, 0, 1, 10, 97
"c:\Users\herma\source\repos\SistemaVenta\App\Presentacion\Modales\vtnModalesTransportista.Designer.cs", "C#", 0, 151, 0, 0, 0, 0, 0, 44, 6, 201
"c:\Users\herma\source\repos\SistemaVenta\App\Presentacion\Modales\vtnModalesTransportista.cs", "C#", 0, 85, 0, 0, 0, 0, 0, 0, 8, 93
"c:\Users\herma\source\repos\SistemaVenta\App\Presentacion\Presentacion.csproj", "XML", 553, 0, 0, 0, 0, 0, 0, 0, 0, 553
"c:\Users\herma\source\repos\SistemaVenta\App\Presentacion\Properties\AssemblyInfo.cs", "C#", 0, 15, 0, 0, 0, 0, 0, 17, 5, 37
"c:\Users\herma\source\repos\SistemaVenta\App\Presentacion\Properties\Resources.Designer.cs", "C#", 0, 228, 0, 0, 0, 0, 0, 168, 42, 438
"c:\Users\herma\source\repos\SistemaVenta\App\Presentacion\Properties\Settings.Designer.cs", "C#", 0, 16, 0, 0, 0, 0, 0, 9, 6, 31
"c:\Users\herma\source\repos\SistemaVenta\App\Presentacion\Resources\Compra.html", "HTML", 0, 0, 0, 0, 103, 0, 0, 0, 8, 111
"c:\Users\herma\source\repos\SistemaVenta\App\Presentacion\Resources\Venta.html", "HTML", 0, 0, 0, 0, 105, 0, 0, 0, 9, 114
"c:\Users\herma\source\repos\SistemaVenta\App\Presentacion\bin\Debug\ClosedXML.xml", "XML", 7817, 0, 0, 0, 0, 0, 0, 0, 2, 7819
"c:\Users\herma\source\repos\SistemaVenta\App\Presentacion\bin\Debug\DocumentFormat.OpenXml.xml", "XML", 260719, 0, 0, 0, 0, 0, 0, 0, 4, 260723
"c:\Users\herma\source\repos\SistemaVenta\App\Presentacion\bin\Debug\ExcelNumberFormat.xml", "XML", 110, 0, 0, 0, 0, 0, 0, 0, 1, 111
"c:\Users\herma\source\repos\SistemaVenta\App\Presentacion\bin\Debug\SixLabors.Fonts.xml", "XML", 11499, 0, 0, 0, 0, 0, 0, 0, 1, 11500
"c:\Users\herma\source\repos\SistemaVenta\App\Presentacion\bin\Debug\System.Buffers.xml", "XML", 38, 0, 0, 0, 0, 0, 0, 0, 0, 38
"c:\Users\herma\source\repos\SistemaVenta\App\Presentacion\bin\Debug\System.IO.Packaging.xml", "XML", 435, 0, 0, 0, 0, 0, 0, 0, 1, 436
"c:\Users\herma\source\repos\SistemaVenta\App\Presentacion\bin\Debug\System.Memory.xml", "XML", 353, 0, 0, 0, 0, 0, 0, 0, 2, 355
"c:\Users\herma\source\repos\SistemaVenta\App\Presentacion\bin\Debug\System.Numerics.Vectors.xml", "XML", 2621, 0, 0, 0, 0, 0, 0, 0, 0, 2621
"c:\Users\herma\source\repos\SistemaVenta\App\Presentacion\bin\Debug\System.Runtime.CompilerServices.Unsafe.xml", "XML", 252, 0, 0, 0, 0, 0, 0, 0, 0, 252
"c:\Users\herma\source\repos\SistemaVenta\App\Presentacion\bin\Debug\itextsharp.xml", "XML", 37052, 0, 0, 0, 0, 0, 0, 501, 960, 38513
"c:\Users\herma\source\repos\SistemaVenta\App\Presentacion\obj\Debug\.NETFramework,Version=v4.7.2.AssemblyAttributes.cs", "C#", 0, 3, 0, 0, 0, 0, 0, 1, 1, 5
"c:\Users\herma\source\repos\SistemaVenta\App\Presentacion\obj\Release\.NETFramework,Version=v4.7.2.AssemblyAttributes.cs", "C#", 0, 3, 0, 0, 0, 0, 0, 1, 1, 5
"c:\Users\herma\source\repos\SistemaVenta\App\Presentacion\vtnAutor.Designer.cs", "C#", 0, 199, 0, 0, 0, 0, 0, 59, 6, 264
"c:\Users\herma\source\repos\SistemaVenta\App\Presentacion\vtnAutor.cs", "C#", 0, 19, 0, 0, 0, 0, 0, 0, 2, 21
"c:\Users\herma\source\repos\SistemaVenta\App\Presentacion\vtnCategoria.Designer.cs", "C#", 0, 334, 0, 0, 0, 0, 0, 92, 6, 432
"c:\Users\herma\source\repos\SistemaVenta\App\Presentacion\vtnCategoria.cs", "C#", 0, 244, 0, 0, 0, 0, 0, 4, 21, 269
"c:\Users\herma\source\repos\SistemaVenta\App\Presentacion\vtnCliente.Designer.cs", "C#", 0, 443, 0, 0, 0, 0, 0, 128, 6, 577
"c:\Users\herma\source\repos\SistemaVenta\App\Presentacion\vtnCliente.cs", "C#", 0, 351, 0, 0, 0, 0, 0, 4, 26, 381
"c:\Users\herma\source\repos\SistemaVenta\App\Presentacion\vtnCompra.Designer.cs", "C#", 0, 540, 0, 0, 0, 0, 0, 155, 6, 701
"c:\Users\herma\source\repos\SistemaVenta\App\Presentacion\vtnCompra.cs", "C#", 0, 334, 0, 0, 0, 0, 0, 0, 17, 351
"c:\Users\herma\source\repos\SistemaVenta\App\Presentacion\vtnGraficaCompras.Designer.cs", "C#", 0, 85, 0, 0, 0, 0, 0, 26, 6, 117
"c:\Users\herma\source\repos\SistemaVenta\App\Presentacion\vtnGraficaCompras.cs", "C#", 0, 38, 0, 0, 0, 0, 0, 0, 3, 41
"c:\Users\herma\source\repos\SistemaVenta\App\Presentacion\vtnGraficaVentas.Designer.cs", "C#", 0, 85, 0, 0, 0, 0, 0, 26, 6, 117
"c:\Users\herma\source\repos\SistemaVenta\App\Presentacion\vtnGraficaVentas.cs", "C#", 0, 39, 0, 0, 0, 0, 0, 0, 3, 42
"c:\Users\herma\source\repos\SistemaVenta\App\Presentacion\vtnInventario.Designer.cs", "C#", 0, 407, 0, 0, 0, 0, 0, 116, 6, 529
"c:\Users\herma\source\repos\SistemaVenta\App\Presentacion\vtnInventario.cs", "C#", 0, 393, 0, 0, 0, 0, 0, 6, 28, 427
"c:\Users\herma\source\repos\SistemaVenta\App\Presentacion\vtnLogin.Designer.cs", "C#", 0, 185, 0, 0, 0, 0, 0, 53, 8, 246
"c:\Users\herma\source\repos\SistemaVenta\App\Presentacion\vtnLogin.cs", "C#", 0, 108, 0, 0, 0, 0, 0, 0, 8, 116
"c:\Users\herma\source\repos\SistemaVenta\App\Presentacion\vtnMenu.Designer.cs", "C#", 0, 520, 0, 0, 0, 0, 0, 176, 5, 701
"c:\Users\herma\source\repos\SistemaVenta\App\Presentacion\vtnMenu.cs", "C#", 0, 153, 0, 0, 0, 0, 0, 0, 18, 171
"c:\Users\herma\source\repos\SistemaVenta\App\Presentacion\vtnNegocio.Designer.cs", "C#", 0, 218, 0, 0, 0, 0, 0, 68, 6, 292
"c:\Users\herma\source\repos\SistemaVenta\App\Presentacion\vtnNegocio.cs", "C#", 0, 126, 0, 0, 0, 0, 0, 0, 10, 136
"c:\Users\herma\source\repos\SistemaVenta\App\Presentacion\vtnOferta.Designer.cs", "C#", 0, 459, 0, 0, 0, 0, 0, 134, 6, 599
"c:\Users\herma\source\repos\SistemaVenta\App\Presentacion\vtnOferta.cs", "C#", 0, 315, 0, 0, 0, 0, 0, 5, 28, 348
"c:\Users\herma\source\repos\SistemaVenta\App\Presentacion\vtnProducto.Designer.cs", "C#", 0, 488, 0, 0, 0, 0, 0, 143, 6, 637
"c:\Users\herma\source\repos\SistemaVenta\App\Presentacion\vtnProducto.cs", "C#", 0, 418, 0, 0, 0, 0, 0, 6, 29, 453
"c:\Users\herma\source\repos\SistemaVenta\App\Presentacion\vtnPrograma.Designer.cs", "C#", 0, 178, 0, 0, 0, 0, 0, 53, 6, 237
"c:\Users\herma\source\repos\SistemaVenta\App\Presentacion\vtnPrograma.cs", "C#", 0, 43, 0, 0, 0, 0, 0, 0, 5, 48
"c:\Users\herma\source\repos\SistemaVenta\App\Presentacion\vtnProveedor.Designer.cs", "C#", 0, 443, 0, 0, 0, 0, 0, 128, 6, 577
"c:\Users\herma\source\repos\SistemaVenta\App\Presentacion\vtnProveedor.cs", "C#", 0, 347, 0, 0, 0, 0, 0, 4, 29, 380
"c:\Users\herma\source\repos\SistemaVenta\App\Presentacion\vtnReclamo.Designer.cs", "C#", 0, 367, 0, 0, 0, 0, 0, 107, 5, 479
"c:\Users\herma\source\repos\SistemaVenta\App\Presentacion\vtnReclamo.cs", "C#", 0, 193, 0, 0, 0, 0, 0, 3, 20, 216
"c:\Users\herma\source\repos\SistemaVenta\App\Presentacion\vtnRecuperarClave.Designer.cs", "C#", 0, 107, 0, 0, 0, 0, 0, 32, 6, 145
"c:\Users\herma\source\repos\SistemaVenta\App\Presentacion\vtnRecuperarClave.cs", "C#", 0, 47, 0, 0, 0, 0, 0, 0, 3, 50
"c:\Users\herma\source\repos\SistemaVenta\App\Presentacion\vtnReportesCompras.Designer.cs", "C#", 0, 390, 0, 0, 0, 0, 0, 116, 6, 512
"c:\Users\herma\source\repos\SistemaVenta\App\Presentacion\vtnReportesCompras.cs", "C#", 0, 154, 0, 0, 0, 0, 0, 3, 12, 169
"c:\Users\herma\source\repos\SistemaVenta\App\Presentacion\vtnReportesVentas.Designer.cs", "C#", 0, 330, 0, 0, 0, 0, 0, 98, 6, 434
"c:\Users\herma\source\repos\SistemaVenta\App\Presentacion\vtnReportesVentas.cs", "C#", 0, 127, 0, 0, 0, 0, 0, 1, 10, 138
"c:\Users\herma\source\repos\SistemaVenta\App\Presentacion\vtnSucursal.Designer.cs", "C#", 0, 435, 0, 0, 0, 0, 0, 119, 5, 559
"c:\Users\herma\source\repos\SistemaVenta\App\Presentacion\vtnSucursal.cs", "C#", 0, 406, 0, 0, 0, 0, 0, 4, 33, 443
"c:\Users\herma\source\repos\SistemaVenta\App\Presentacion\vtnTransportista.Designer.cs", "C#", 0, 477, 0, 0, 0, 0, 0, 137, 6, 620
"c:\Users\herma\source\repos\SistemaVenta\App\Presentacion\vtnTransportista.cs", "C#", 0, 383, 0, 0, 0, 0, 0, 4, 28, 415
"c:\Users\herma\source\repos\SistemaVenta\App\Presentacion\vtnUnidadMedida.Designer.cs", "C#", 0, 347, 0, 0, 0, 0, 0, 98, 6, 451
"c:\Users\herma\source\repos\SistemaVenta\App\Presentacion\vtnUnidadMedida.cs", "C#", 0, 251, 0, 0, 0, 0, 0, 4, 21, 276
"c:\Users\herma\source\repos\SistemaVenta\App\Presentacion\vtnUsuarios.Designer.cs", "C#", 0, 410, 0, 0, 0, 0, 0, 119, 6, 535
"c:\Users\herma\source\repos\SistemaVenta\App\Presentacion\vtnUsuarios.cs", "C#", 0, 302, 0, 0, 0, 0, 0, 5, 24, 331
"c:\Users\herma\source\repos\SistemaVenta\App\Presentacion\vtnVenta.Designer.cs", "C#", 0, 570, 0, 0, 0, 0, 0, 164, 6, 740
"c:\Users\herma\source\repos\SistemaVenta\App\Presentacion\vtnVenta.cs", "C#", 0, 428, 0, 0, 0, 0, 0, 0, 18, 446
"c:\Users\herma\source\repos\SistemaVenta\App\Presentacion\vtnVerDetalleCompras.Designer.cs", "C#", 0, 402, 0, 0, 0, 0, 0, 113, 6, 521
"c:\Users\herma\source\repos\SistemaVenta\App\Presentacion\vtnVerDetalleCompras.cs", "C#", 0, 140, 0, 0, 0, 0, 0, 0, 17, 157
"c:\Users\herma\source\repos\SistemaVenta\App\Presentacion\vtnVerDetalleVentas.Designer.cs", "C#", 0, 416, 0, 0, 0, 0, 0, 119, 6, 541
"c:\Users\herma\source\repos\SistemaVenta\App\Presentacion\vtnVerDetalleVentas.cs", "C#", 0, 143, 0, 0, 0, 0, 0, 0, 15, 158
"c:\Users\herma\source\repos\SistemaVenta\App\Test\MSTestSettings.cs", "C#", 0, 1, 0, 0, 0, 0, 0, 0, 1, 2
"c:\Users\herma\source\repos\SistemaVenta\App\Test\Test.csproj", "XML", 21, 0, 0, 0, 0, 0, 0, 0, 6, 27
"c:\Users\herma\source\repos\SistemaVenta\App\Test\TestCompra.cs", "C#", 0, 14, 0, 0, 0, 0, 0, 0, 3, 17
"c:\Users\herma\source\repos\SistemaVenta\App\Test\TestProducto.cs", "C#", 0, 49, 0, 0, 0, 0, 0, 0, 9, 58
"c:\Users\herma\source\repos\SistemaVenta\App\Test\TestUsuario.cs", "C#", 0, 40, 0, 0, 0, 0, 0, 0, 10, 50
"c:\Users\herma\source\repos\SistemaVenta\App\Test\TestVenta.cs", "C#", 0, 13, 0, 0, 0, 0, 0, 0, 3, 16
"c:\Users\herma\source\repos\SistemaVenta\App\Test\bin\Debug\net8.0\Microsoft.VisualStudio.TestPlatform.TestFramework.Extensions.xml", "XML", 174, 0, 0, 0, 0, 0, 0, 0, 1, 175
"c:\Users\herma\source\repos\SistemaVenta\App\Test\bin\Debug\net8.0\Test.deps.json", "JSON", 0, 0, 1495, 0, 0, 0, 0, 0, 0, 1495
"c:\Users\herma\source\repos\SistemaVenta\App\Test\bin\Debug\net8.0\Test.runtimeconfig.json", "JSON", 0, 0, 12, 0, 0, 0, 0, 0, 0, 12
"c:\Users\herma\source\repos\SistemaVenta\App\Test\obj\Debug\net8.0\.NETCoreApp,Version=v8.0.AssemblyAttributes.cs", "C#", 0, 3, 0, 0, 0, 0, 0, 1, 1, 5
"c:\Users\herma\source\repos\SistemaVenta\App\Test\obj\Debug\net8.0\Test.AssemblyInfo.cs", "C#", 0, 9, 0, 0, 0, 0, 0, 10, 5, 24
"c:\Users\herma\source\repos\SistemaVenta\App\Test\obj\Debug\net8.0\Test.GeneratedMSBuildEditorConfig.editorconfig", "Properties", 0, 0, 0, 15, 0, 0, 0, 0, 1, 16
"c:\Users\herma\source\repos\SistemaVenta\App\Test\obj\Debug\net8.0\Test.GlobalUsings.g.cs", "C#", 0, 8, 0, 0, 0, 0, 0, 1, 1, 10
"c:\Users\herma\source\repos\SistemaVenta\App\Test\obj\Debug\net8.0\Test.sourcelink.json", "JSON", 0, 0, 1, 0, 0, 0, 0, 0, 0, 1
"c:\Users\herma\source\repos\SistemaVenta\App\Test\obj\Test.csproj.nuget.dgspec.json", "JSON", 0, 0, 134, 0, 0, 0, 0, 0, 0, 134
"c:\Users\herma\source\repos\SistemaVenta\App\Test\obj\Test.csproj.nuget.g.props", "XML", 28, 0, 0, 0, 0, 0, 0, 0, 0, 28
"c:\Users\herma\source\repos\SistemaVenta\App\Test\obj\Test.csproj.nuget.g.targets", "XML", 10, 0, 0, 0, 0, 0, 0, 0, 0, 10
"c:\Users\herma\source\repos\SistemaVenta\App\Test\obj\project.assets.json", "JSON", 0, 0, 3988, 0, 0, 0, 0, 0, 0, 3988
"c:\Users\herma\source\repos\SistemaVenta\App\packages\BouncyCastle.1.8.9\README.md", "Markdown", 0, 0, 0, 0, 0, 17, 0, 0, 14, 31
"c:\Users\herma\source\repos\SistemaVenta\App\packages\ClosedXML.0.102.2\lib\netstandard2.0\ClosedXML.xml", "XML", 7817, 0, 0, 0, 0, 0, 0, 0, 2, 7819
"c:\Users\herma\source\repos\SistemaVenta\App\packages\ClosedXML.0.102.2\lib\netstandard2.1\ClosedXML.xml", "XML", 7817, 0, 0, 0, 0, 0, 0, 0, 2, 7819
"c:\Users\herma\source\repos\SistemaVenta\App\packages\DocumentFormat.OpenXml.2.16.0\lib\net35\DocumentFormat.OpenXml.xml", "XML", 260731, 0, 0, 0, 0, 0, 0, 0, 4, 260735
"c:\Users\herma\source\repos\SistemaVenta\App\packages\DocumentFormat.OpenXml.2.16.0\lib\net40\DocumentFormat.OpenXml.xml", "XML", 260725, 0, 0, 0, 0, 0, 0, 0, 4, 260729
"c:\Users\herma\source\repos\SistemaVenta\App\packages\DocumentFormat.OpenXml.2.16.0\lib\net46\DocumentFormat.OpenXml.xml", "XML", 260719, 0, 0, 0, 0, 0, 0, 0, 4, 260723
"c:\Users\herma\source\repos\SistemaVenta\App\packages\DocumentFormat.OpenXml.2.16.0\lib\netstandard1.3\DocumentFormat.OpenXml.xml", "XML", 260677, 0, 0, 0, 0, 0, 0, 0, 4, 260681
"c:\Users\herma\source\repos\SistemaVenta\App\packages\DocumentFormat.OpenXml.2.16.0\lib\netstandard2.0\DocumentFormat.OpenXml.xml", "XML", 260719, 0, 0, 0, 0, 0, 0, 0, 4, 260723
"c:\Users\herma\source\repos\SistemaVenta\App\packages\ExcelNumberFormat.1.1.0\lib\net20\ExcelNumberFormat.xml", "XML", 110, 0, 0, 0, 0, 0, 0, 0, 1, 111
"c:\Users\herma\source\repos\SistemaVenta\App\packages\ExcelNumberFormat.1.1.0\lib\netstandard1.0\ExcelNumberFormat.xml", "XML", 110, 0, 0, 0, 0, 0, 0, 0, 1, 111
"c:\Users\herma\source\repos\SistemaVenta\App\packages\ExcelNumberFormat.1.1.0\lib\netstandard2.0\ExcelNumberFormat.xml", "XML", 110, 0, 0, 0, 0, 0, 0, 0, 1, 111
"c:\Users\herma\source\repos\SistemaVenta\App\packages\SixLabors.Fonts.1.0.0\lib\netcoreapp3.1\SixLabors.Fonts.xml", "XML", 11311, 0, 0, 0, 0, 0, 0, 0, 1, 11312
"c:\Users\herma\source\repos\SistemaVenta\App\packages\SixLabors.Fonts.1.0.0\lib\netstandard2.0\SixLabors.Fonts.xml", "XML", 11499, 0, 0, 0, 0, 0, 0, 0, 1, 11500
"c:\Users\herma\source\repos\SistemaVenta\App\packages\SixLabors.Fonts.1.0.0\lib\netstandard2.1\SixLabors.Fonts.xml", "XML", 11311, 0, 0, 0, 0, 0, 0, 0, 1, 11312
"c:\Users\herma\source\repos\SistemaVenta\App\packages\System.Buffers.4.5.1\lib\net461\System.Buffers.xml", "XML", 38, 0, 0, 0, 0, 0, 0, 0, 0, 38
"c:\Users\herma\source\repos\SistemaVenta\App\packages\System.Buffers.4.5.1\lib\netstandard1.1\System.Buffers.xml", "XML", 38, 0, 0, 0, 0, 0, 0, 0, 0, 38
"c:\Users\herma\source\repos\SistemaVenta\App\packages\System.Buffers.4.5.1\lib\netstandard2.0\System.Buffers.xml", "XML", 38, 0, 0, 0, 0, 0, 0, 0, 0, 38
"c:\Users\herma\source\repos\SistemaVenta\App\packages\System.Buffers.4.5.1\ref\net45\System.Buffers.xml", "XML", 38, 0, 0, 0, 0, 0, 0, 0, 0, 38
"c:\Users\herma\source\repos\SistemaVenta\App\packages\System.Buffers.4.5.1\ref\netstandard1.1\System.Buffers.xml", "XML", 38, 0, 0, 0, 0, 0, 0, 0, 0, 38
"c:\Users\herma\source\repos\SistemaVenta\App\packages\System.Buffers.4.5.1\ref\netstandard2.0\System.Buffers.xml", "XML", 38, 0, 0, 0, 0, 0, 0, 0, 0, 38
"c:\Users\herma\source\repos\SistemaVenta\App\packages\System.IO.4.3.0\ref\netcore50\System.IO.xml", "XML", 2151, 0, 0, 0, 0, 0, 0, 0, 0, 2151
"c:\Users\herma\source\repos\SistemaVenta\App\packages\System.IO.4.3.0\ref\netcore50\de\System.IO.xml", "XML", 2151, 0, 0, 0, 0, 0, 0, 0, 0, 2151
"c:\Users\herma\source\repos\SistemaVenta\App\packages\System.IO.4.3.0\ref\netcore50\es\System.IO.xml", "XML", 2090, 0, 0, 0, 0, 0, 0, 0, 0, 2090
"c:\Users\herma\source\repos\SistemaVenta\App\packages\System.IO.4.3.0\ref\netcore50\fr\System.IO.xml", "XML", 2201, 0, 0, 0, 0, 0, 0, 0, 0, 2201
"c:\Users\herma\source\repos\SistemaVenta\App\packages\System.IO.4.3.0\ref\netcore50\it\System.IO.xml", "XML", 2123, 0, 0, 0, 0, 0, 0, 0, 0, 2123
"c:\Users\herma\source\repos\SistemaVenta\App\packages\System.IO.4.3.0\ref\netcore50\ja\System.IO.xml", "XML", 2264, 0, 0, 0, 0, 0, 0, 0, 0, 2264
"c:\Users\herma\source\repos\SistemaVenta\App\packages\System.IO.4.3.0\ref\netcore50\ko\System.IO.xml", "XML", 2262, 0, 0, 0, 0, 0, 0, 0, 0, 2262
"c:\Users\herma\source\repos\SistemaVenta\App\packages\System.IO.4.3.0\ref\netcore50\ru\System.IO.xml", "XML", 2023, 0, 0, 0, 0, 0, 0, 0, 0, 2023
"c:\Users\herma\source\repos\SistemaVenta\App\packages\System.IO.4.3.0\ref\netcore50\zh-hans\System.IO.xml", "XML", 2237, 0, 0, 0, 0, 0, 0, 0, 0, 2237
"c:\Users\herma\source\repos\SistemaVenta\App\packages\System.IO.4.3.0\ref\netcore50\zh-hant\System.IO.xml", "XML", 2246, 0, 0, 0, 0, 0, 0, 0, 0, 2246
"c:\Users\herma\source\repos\SistemaVenta\App\packages\System.IO.4.3.0\ref\netstandard1.0\System.IO.xml", "XML", 2151, 0, 0, 0, 0, 0, 0, 0, 0, 2151
"c:\Users\herma\source\repos\SistemaVenta\App\packages\System.IO.4.3.0\ref\netstandard1.0\de\System.IO.xml", "XML", 2151, 0, 0, 0, 0, 0, 0, 0, 0, 2151
"c:\Users\herma\source\repos\SistemaVenta\App\packages\System.IO.4.3.0\ref\netstandard1.0\es\System.IO.xml", "XML", 2090, 0, 0, 0, 0, 0, 0, 0, 0, 2090
"c:\Users\herma\source\repos\SistemaVenta\App\packages\System.IO.4.3.0\ref\netstandard1.0\fr\System.IO.xml", "XML", 2201, 0, 0, 0, 0, 0, 0, 0, 0, 2201
"c:\Users\herma\source\repos\SistemaVenta\App\packages\System.IO.4.3.0\ref\netstandard1.0\it\System.IO.xml", "XML", 2123, 0, 0, 0, 0, 0, 0, 0, 0, 2123
"c:\Users\herma\source\repos\SistemaVenta\App\packages\System.IO.4.3.0\ref\netstandard1.0\ja\System.IO.xml", "XML", 2264, 0, 0, 0, 0, 0, 0, 0, 0, 2264
"c:\Users\herma\source\repos\SistemaVenta\App\packages\System.IO.4.3.0\ref\netstandard1.0\ko\System.IO.xml", "XML", 2262, 0, 0, 0, 0, 0, 0, 0, 0, 2262
"c:\Users\herma\source\repos\SistemaVenta\App\packages\System.IO.4.3.0\ref\netstandard1.0\ru\System.IO.xml", "XML", 2023, 0, 0, 0, 0, 0, 0, 0, 0, 2023
"c:\Users\herma\source\repos\SistemaVenta\App\packages\System.IO.4.3.0\ref\netstandard1.0\zh-hans\System.IO.xml", "XML", 2237, 0, 0, 0, 0, 0, 0, 0, 0, 2237
"c:\Users\herma\source\repos\SistemaVenta\App\packages\System.IO.4.3.0\ref\netstandard1.0\zh-hant\System.IO.xml", "XML", 2246, 0, 0, 0, 0, 0, 0, 0, 0, 2246
"c:\Users\herma\source\repos\SistemaVenta\App\packages\System.IO.4.3.0\ref\netstandard1.3\System.IO.xml", "XML", 2151, 0, 0, 0, 0, 0, 0, 0, 0, 2151
"c:\Users\herma\source\repos\SistemaVenta\App\packages\System.IO.4.3.0\ref\netstandard1.3\de\System.IO.xml", "XML", 2151, 0, 0, 0, 0, 0, 0, 0, 0, 2151
"c:\Users\herma\source\repos\SistemaVenta\App\packages\System.IO.4.3.0\ref\netstandard1.3\es\System.IO.xml", "XML", 2090, 0, 0, 0, 0, 0, 0, 0, 0, 2090
"c:\Users\herma\source\repos\SistemaVenta\App\packages\System.IO.4.3.0\ref\netstandard1.3\fr\System.IO.xml", "XML", 2201, 0, 0, 0, 0, 0, 0, 0, 0, 2201
"c:\Users\herma\source\repos\SistemaVenta\App\packages\System.IO.4.3.0\ref\netstandard1.3\it\System.IO.xml", "XML", 2123, 0, 0, 0, 0, 0, 0, 0, 0, 2123
"c:\Users\herma\source\repos\SistemaVenta\App\packages\System.IO.4.3.0\ref\netstandard1.3\ja\System.IO.xml", "XML", 2264, 0, 0, 0, 0, 0, 0, 0, 0, 2264
"c:\Users\herma\source\repos\SistemaVenta\App\packages\System.IO.4.3.0\ref\netstandard1.3\ko\System.IO.xml", "XML", 2262, 0, 0, 0, 0, 0, 0, 0, 0, 2262
"c:\Users\herma\source\repos\SistemaVenta\App\packages\System.IO.4.3.0\ref\netstandard1.3\ru\System.IO.xml", "XML", 2023, 0, 0, 0, 0, 0, 0, 0, 0, 2023
"c:\Users\herma\source\repos\SistemaVenta\App\packages\System.IO.4.3.0\ref\netstandard1.3\zh-hans\System.IO.xml", "XML", 2237, 0, 0, 0, 0, 0, 0, 0, 0, 2237
"c:\Users\herma\source\repos\SistemaVenta\App\packages\System.IO.4.3.0\ref\netstandard1.3\zh-hant\System.IO.xml", "XML", 2246, 0, 0, 0, 0, 0, 0, 0, 0, 2246
"c:\Users\herma\source\repos\SistemaVenta\App\packages\System.IO.4.3.0\ref\netstandard1.5\System.IO.xml", "XML", 2151, 0, 0, 0, 0, 0, 0, 0, 0, 2151
"c:\Users\herma\source\repos\SistemaVenta\App\packages\System.IO.4.3.0\ref\netstandard1.5\de\System.IO.xml", "XML", 2151, 0, 0, 0, 0, 0, 0, 0, 0, 2151
"c:\Users\herma\source\repos\SistemaVenta\App\packages\System.IO.4.3.0\ref\netstandard1.5\es\System.IO.xml", "XML", 2090, 0, 0, 0, 0, 0, 0, 0, 0, 2090
"c:\Users\herma\source\repos\SistemaVenta\App\packages\System.IO.4.3.0\ref\netstandard1.5\fr\System.IO.xml", "XML", 2201, 0, 0, 0, 0, 0, 0, 0, 0, 2201
"c:\Users\herma\source\repos\SistemaVenta\App\packages\System.IO.4.3.0\ref\netstandard1.5\it\System.IO.xml", "XML", 2123, 0, 0, 0, 0, 0, 0, 0, 0, 2123
"c:\Users\herma\source\repos\SistemaVenta\App\packages\System.IO.4.3.0\ref\netstandard1.5\ja\System.IO.xml", "XML", 2264, 0, 0, 0, 0, 0, 0, 0, 0, 2264
"c:\Users\herma\source\repos\SistemaVenta\App\packages\System.IO.4.3.0\ref\netstandard1.5\ko\System.IO.xml", "XML", 2262, 0, 0, 0, 0, 0, 0, 0, 0, 2262
"c:\Users\herma\source\repos\SistemaVenta\App\packages\System.IO.4.3.0\ref\netstandard1.5\ru\System.IO.xml", "XML", 2023, 0, 0, 0, 0, 0, 0, 0, 0, 2023
"c:\Users\herma\source\repos\SistemaVenta\App\packages\System.IO.4.3.0\ref\netstandard1.5\zh-hans\System.IO.xml", "XML", 2237, 0, 0, 0, 0, 0, 0, 0, 0, 2237
"c:\Users\herma\source\repos\SistemaVenta\App\packages\System.IO.4.3.0\ref\netstandard1.5\zh-hant\System.IO.xml", "XML", 2246, 0, 0, 0, 0, 0, 0, 0, 0, 2246
"c:\Users\herma\source\repos\SistemaVenta\App\packages\System.IO.Packaging.6.0.0\buildTransitive\netcoreapp2.0\System.IO.Packaging.targets", "XML", 6, 0, 0, 0, 0, 0, 0, 0, 1, 7
"c:\Users\herma\source\repos\SistemaVenta\App\packages\System.IO.Packaging.6.0.0\lib\net461\System.IO.Packaging.xml", "XML", 435, 0, 0, 0, 0, 0, 0, 0, 1, 436
"c:\Users\herma\source\repos\SistemaVenta\App\packages\System.IO.Packaging.6.0.0\lib\net6.0\System.IO.Packaging.xml", "XML", 2891, 0, 0, 0, 0, 0, 0, 0, 21, 2912
"c:\Users\herma\source\repos\SistemaVenta\App\packages\System.IO.Packaging.6.0.0\lib\netstandard2.0\System.IO.Packaging.xml", "XML", 3000, 0, 0, 0, 0, 0, 0, 0, 21, 3021
"c:\Users\herma\source\repos\SistemaVenta\App\packages\System.Memory.4.5.4\lib\net461\System.Memory.xml", "XML", 353, 0, 0, 0, 0, 0, 0, 0, 2, 355
"c:\Users\herma\source\repos\SistemaVenta\App\packages\System.Memory.4.5.4\lib\netstandard1.1\System.Memory.xml", "XML", 353, 0, 0, 0, 0, 0, 0, 0, 2, 355
"c:\Users\herma\source\repos\SistemaVenta\App\packages\System.Memory.4.5.4\lib\netstandard2.0\System.Memory.xml", "XML", 353, 0, 0, 0, 0, 0, 0, 0, 2, 355
"c:\Users\herma\source\repos\SistemaVenta\App\packages\System.Numerics.Vectors.4.5.0\lib\net46\System.Numerics.Vectors.xml", "XML", 2621, 0, 0, 0, 0, 0, 0, 0, 0, 2621
"c:\Users\herma\source\repos\SistemaVenta\App\packages\System.Numerics.Vectors.4.5.0\lib\netstandard1.0\System.Numerics.Vectors.xml", "XML", 2621, 0, 0, 0, 0, 0, 0, 0, 0, 2621
"c:\Users\herma\source\repos\SistemaVenta\App\packages\System.Numerics.Vectors.4.5.0\lib\netstandard2.0\System.Numerics.Vectors.xml", "XML", 2621, 0, 0, 0, 0, 0, 0, 0, 0, 2621
"c:\Users\herma\source\repos\SistemaVenta\App\packages\System.Numerics.Vectors.4.5.0\lib\portable-net45+win8+wp8+wpa81\System.Numerics.Vectors.xml", "XML", 2621, 0, 0, 0, 0, 0, 0, 0, 0, 2621
"c:\Users\herma\source\repos\SistemaVenta\App\packages\System.Numerics.Vectors.4.5.0\ref\net45\System.Numerics.Vectors.xml", "XML", 2621, 0, 0, 0, 0, 0, 0, 0, 0, 2621
"c:\Users\herma\source\repos\SistemaVenta\App\packages\System.Numerics.Vectors.4.5.0\ref\net46\System.Numerics.Vectors.xml", "XML", 2621, 0, 0, 0, 0, 0, 0, 0, 0, 2621
"c:\Users\herma\source\repos\SistemaVenta\App\packages\System.Numerics.Vectors.4.5.0\ref\netstandard1.0\System.Numerics.Vectors.xml", "XML", 2621, 0, 0, 0, 0, 0, 0, 0, 0, 2621
"c:\Users\herma\source\repos\SistemaVenta\App\packages\System.Numerics.Vectors.4.5.0\ref\netstandard2.0\System.Numerics.Vectors.xml", "XML", 2621, 0, 0, 0, 0, 0, 0, 0, 0, 2621
"c:\Users\herma\source\repos\SistemaVenta\App\packages\System.Runtime.4.3.0\ref\netcore50\System.Runtime.xml", "XML", 15642, 0, 0, 0, 0, 0, 0, 0, 0, 15642
"c:\Users\herma\source\repos\SistemaVenta\App\packages\System.Runtime.4.3.0\ref\netcore50\de\System.Runtime.xml", "XML", 15647, 0, 0, 0, 0, 0, 0, 0, 0, 15647
"c:\Users\herma\source\repos\SistemaVenta\App\packages\System.Runtime.4.3.0\ref\netcore50\es\System.Runtime.xml", "XML", 15620, 0, 0, 0, 0, 0, 0, 0, 0, 15620
"c:\Users\herma\source\repos\SistemaVenta\App\packages\System.Runtime.4.3.0\ref\netcore50\fr\System.Runtime.xml", "XML", 15856, 0, 0, 0, 0, 0, 0, 0, 0, 15856
"c:\Users\herma\source\repos\SistemaVenta\App\packages\System.Runtime.4.3.0\ref\netcore50\it\System.Runtime.xml", "XML", 15649, 0, 0, 0, 0, 0, 0, 0, 0, 15649
"c:\Users\herma\source\repos\SistemaVenta\App\packages\System.Runtime.4.3.0\ref\netcore50\ja\System.Runtime.xml", "XML", 16970, 0, 0, 0, 0, 0, 0, 0, 0, 16970
"c:\Users\herma\source\repos\SistemaVenta\App\packages\System.Runtime.4.3.0\ref\netcore50\ko\System.Runtime.xml", "XML", 16922, 0, 0, 0, 0, 0, 0, 0, 0, 16922
"c:\Users\herma\source\repos\SistemaVenta\App\packages\System.Runtime.4.3.0\ref\netcore50\ru\System.Runtime.xml", "XML", 15262, 0, 0, 0, 0, 0, 0, 0, 0, 15262
"c:\Users\herma\source\repos\SistemaVenta\App\packages\System.Runtime.4.3.0\ref\netcore50\zh-hans\System.Runtime.xml", "XML", 15922, 0, 0, 0, 0, 0, 0, 0, 0, 15922
"c:\Users\herma\source\repos\SistemaVenta\App\packages\System.Runtime.4.3.0\ref\netcore50\zh-hant\System.Runtime.xml", "XML", 15977, 0, 0, 0, 0, 0, 0, 0, 0, 15977
"c:\Users\herma\source\repos\SistemaVenta\App\packages\System.Runtime.4.3.0\ref\netstandard1.0\System.Runtime.xml", "XML", 15642, 0, 0, 0, 0, 0, 0, 0, 0, 15642
"c:\Users\herma\source\repos\SistemaVenta\App\packages\System.Runtime.4.3.0\ref\netstandard1.0\de\System.Runtime.xml", "XML", 15647, 0, 0, 0, 0, 0, 0, 0, 0, 15647
"c:\Users\herma\source\repos\SistemaVenta\App\packages\System.Runtime.4.3.0\ref\netstandard1.0\es\System.Runtime.xml", "XML", 15620, 0, 0, 0, 0, 0, 0, 0, 0, 15620
"c:\Users\herma\source\repos\SistemaVenta\App\packages\System.Runtime.4.3.0\ref\netstandard1.0\fr\System.Runtime.xml", "XML", 15856, 0, 0, 0, 0, 0, 0, 0, 0, 15856
"c:\Users\herma\source\repos\SistemaVenta\App\packages\System.Runtime.4.3.0\ref\netstandard1.0\it\System.Runtime.xml", "XML", 15649, 0, 0, 0, 0, 0, 0, 0, 0, 15649
"c:\Users\herma\source\repos\SistemaVenta\App\packages\System.Runtime.4.3.0\ref\netstandard1.0\ja\System.Runtime.xml", "XML", 16970, 0, 0, 0, 0, 0, 0, 0, 0, 16970
"c:\Users\herma\source\repos\SistemaVenta\App\packages\System.Runtime.4.3.0\ref\netstandard1.0\ko\System.Runtime.xml", "XML", 16922, 0, 0, 0, 0, 0, 0, 0, 0, 16922
"c:\Users\herma\source\repos\SistemaVenta\App\packages\System.Runtime.4.3.0\ref\netstandard1.0\ru\System.Runtime.xml", "XML", 15262, 0, 0, 0, 0, 0, 0, 0, 0, 15262
"c:\Users\herma\source\repos\SistemaVenta\App\packages\System.Runtime.4.3.0\ref\netstandard1.0\zh-hans\System.Runtime.xml", "XML", 15922, 0, 0, 0, 0, 0, 0, 0, 0, 15922
"c:\Users\herma\source\repos\SistemaVenta\App\packages\System.Runtime.4.3.0\ref\netstandard1.0\zh-hant\System.Runtime.xml", "XML", 15977, 0, 0, 0, 0, 0, 0, 0, 0, 15977
"c:\Users\herma\source\repos\SistemaVenta\App\packages\System.Runtime.4.3.0\ref\netstandard1.2\System.Runtime.xml", "XML", 15642, 0, 0, 0, 0, 0, 0, 0, 0, 15642
"c:\Users\herma\source\repos\SistemaVenta\App\packages\System.Runtime.4.3.0\ref\netstandard1.2\de\System.Runtime.xml", "XML", 15647, 0, 0, 0, 0, 0, 0, 0, 0, 15647
"c:\Users\herma\source\repos\SistemaVenta\App\packages\System.Runtime.4.3.0\ref\netstandard1.2\es\System.Runtime.xml", "XML", 15620, 0, 0, 0, 0, 0, 0, 0, 0, 15620
"c:\Users\herma\source\repos\SistemaVenta\App\packages\System.Runtime.4.3.0\ref\netstandard1.2\fr\System.Runtime.xml", "XML", 15856, 0, 0, 0, 0, 0, 0, 0, 0, 15856
"c:\Users\herma\source\repos\SistemaVenta\App\packages\System.Runtime.4.3.0\ref\netstandard1.2\it\System.Runtime.xml", "XML", 15649, 0, 0, 0, 0, 0, 0, 0, 0, 15649
"c:\Users\herma\source\repos\SistemaVenta\App\packages\System.Runtime.4.3.0\ref\netstandard1.2\ja\System.Runtime.xml", "XML", 16970, 0, 0, 0, 0, 0, 0, 0, 0, 16970
"c:\Users\herma\source\repos\SistemaVenta\App\packages\System.Runtime.4.3.0\ref\netstandard1.2\ko\System.Runtime.xml", "XML", 16922, 0, 0, 0, 0, 0, 0, 0, 0, 16922
"c:\Users\herma\source\repos\SistemaVenta\App\packages\System.Runtime.4.3.0\ref\netstandard1.2\ru\System.Runtime.xml", "XML", 15262, 0, 0, 0, 0, 0, 0, 0, 0, 15262
"c:\Users\herma\source\repos\SistemaVenta\App\packages\System.Runtime.4.3.0\ref\netstandard1.2\zh-hans\System.Runtime.xml", "XML", 15922, 0, 0, 0, 0, 0, 0, 0, 0, 15922
"c:\Users\herma\source\repos\SistemaVenta\App\packages\System.Runtime.4.3.0\ref\netstandard1.2\zh-hant\System.Runtime.xml", "XML", 15977, 0, 0, 0, 0, 0, 0, 0, 0, 15977
"c:\Users\herma\source\repos\SistemaVenta\App\packages\System.Runtime.4.3.0\ref\netstandard1.3\System.Runtime.xml", "XML", 15642, 0, 0, 0, 0, 0, 0, 0, 0, 15642
"c:\Users\herma\source\repos\SistemaVenta\App\packages\System.Runtime.4.3.0\ref\netstandard1.3\de\System.Runtime.xml", "XML", 15647, 0, 0, 0, 0, 0, 0, 0, 0, 15647
"c:\Users\herma\source\repos\SistemaVenta\App\packages\System.Runtime.4.3.0\ref\netstandard1.3\es\System.Runtime.xml", "XML", 15620, 0, 0, 0, 0, 0, 0, 0, 0, 15620
"c:\Users\herma\source\repos\SistemaVenta\App\packages\System.Runtime.4.3.0\ref\netstandard1.3\fr\System.Runtime.xml", "XML", 15856, 0, 0, 0, 0, 0, 0, 0, 0, 15856
"c:\Users\herma\source\repos\SistemaVenta\App\packages\System.Runtime.4.3.0\ref\netstandard1.3\it\System.Runtime.xml", "XML", 15649, 0, 0, 0, 0, 0, 0, 0, 0, 15649
"c:\Users\herma\source\repos\SistemaVenta\App\packages\System.Runtime.4.3.0\ref\netstandard1.3\ja\System.Runtime.xml", "XML", 16970, 0, 0, 0, 0, 0, 0, 0, 0, 16970
"c:\Users\herma\source\repos\SistemaVenta\App\packages\System.Runtime.4.3.0\ref\netstandard1.3\ko\System.Runtime.xml", "XML", 16922, 0, 0, 0, 0, 0, 0, 0, 0, 16922
"c:\Users\herma\source\repos\SistemaVenta\App\packages\System.Runtime.4.3.0\ref\netstandard1.3\ru\System.Runtime.xml", "XML", 15262, 0, 0, 0, 0, 0, 0, 0, 0, 15262
"c:\Users\herma\source\repos\SistemaVenta\App\packages\System.Runtime.4.3.0\ref\netstandard1.3\zh-hans\System.Runtime.xml", "XML", 15922, 0, 0, 0, 0, 0, 0, 0, 0, 15922
"c:\Users\herma\source\repos\SistemaVenta\App\packages\System.Runtime.4.3.0\ref\netstandard1.3\zh-hant\System.Runtime.xml", "XML", 15977, 0, 0, 0, 0, 0, 0, 0, 0, 15977
"c:\Users\herma\source\repos\SistemaVenta\App\packages\System.Runtime.4.3.0\ref\netstandard1.5\System.Runtime.xml", "XML", 15642, 0, 0, 0, 0, 0, 0, 0, 0, 15642
"c:\Users\herma\source\repos\SistemaVenta\App\packages\System.Runtime.4.3.0\ref\netstandard1.5\de\System.Runtime.xml", "XML", 15647, 0, 0, 0, 0, 0, 0, 0, 0, 15647
"c:\Users\herma\source\repos\SistemaVenta\App\packages\System.Runtime.4.3.0\ref\netstandard1.5\es\System.Runtime.xml", "XML", 15620, 0, 0, 0, 0, 0, 0, 0, 0, 15620
"c:\Users\herma\source\repos\SistemaVenta\App\packages\System.Runtime.4.3.0\ref\netstandard1.5\fr\System.Runtime.xml", "XML", 15856, 0, 0, 0, 0, 0, 0, 0, 0, 15856
"c:\Users\herma\source\repos\SistemaVenta\App\packages\System.Runtime.4.3.0\ref\netstandard1.5\it\System.Runtime.xml", "XML", 15649, 0, 0, 0, 0, 0, 0, 0, 0, 15649
"c:\Users\herma\source\repos\SistemaVenta\App\packages\System.Runtime.4.3.0\ref\netstandard1.5\ja\System.Runtime.xml", "XML", 16970, 0, 0, 0, 0, 0, 0, 0, 0, 16970
"c:\Users\herma\source\repos\SistemaVenta\App\packages\System.Runtime.4.3.0\ref\netstandard1.5\ko\System.Runtime.xml", "XML", 16922, 0, 0, 0, 0, 0, 0, 0, 0, 16922
"c:\Users\herma\source\repos\SistemaVenta\App\packages\System.Runtime.4.3.0\ref\netstandard1.5\ru\System.Runtime.xml", "XML", 15262, 0, 0, 0, 0, 0, 0, 0, 0, 15262
"c:\Users\herma\source\repos\SistemaVenta\App\packages\System.Runtime.4.3.0\ref\netstandard1.5\zh-hans\System.Runtime.xml", "XML", 15922, 0, 0, 0, 0, 0, 0, 0, 0, 15922
"c:\Users\herma\source\repos\SistemaVenta\App\packages\System.Runtime.4.3.0\ref\netstandard1.5\zh-hant\System.Runtime.xml", "XML", 15977, 0, 0, 0, 0, 0, 0, 0, 0, 15977
"c:\Users\herma\source\repos\SistemaVenta\App\packages\System.Runtime.CompilerServices.Unsafe.4.7.0\lib\netcoreapp2.0\System.Runtime.CompilerServices.Unsafe.xml", "XML", 252, 0, 0, 0, 0, 0, 0, 0, 0, 252
"c:\Users\herma\source\repos\SistemaVenta\App\packages\System.Runtime.CompilerServices.Unsafe.4.7.0\lib\netstandard1.0\System.Runtime.CompilerServices.Unsafe.xml", "XML", 252, 0, 0, 0, 0, 0, 0, 0, 0, 252
"c:\Users\herma\source\repos\SistemaVenta\App\packages\System.Runtime.CompilerServices.Unsafe.4.7.0\lib\netstandard2.0\System.Runtime.CompilerServices.Unsafe.xml", "XML", 252, 0, 0, 0, 0, 0, 0, 0, 0, 252
"c:\Users\herma\source\repos\SistemaVenta\App\packages\System.Runtime.CompilerServices.Unsafe.4.7.0\ref\netstandard1.0\System.Runtime.CompilerServices.Unsafe.xml", "XML", 252, 0, 0, 0, 0, 0, 0, 0, 0, 252
"c:\Users\herma\source\repos\SistemaVenta\App\packages\System.Runtime.CompilerServices.Unsafe.4.7.0\ref\netstandard2.0\System.Runtime.CompilerServices.Unsafe.xml", "XML", 252, 0, 0, 0, 0, 0, 0, 0, 0, 252
"c:\Users\herma\source\repos\SistemaVenta\App\packages\System.Security.Cryptography.Encoding.4.3.0\ref\netstandard1.3\System.Security.Cryptography.Encoding.xml", "XML", 204, 0, 0, 0, 0, 0, 0, 0, 0, 204
"c:\Users\herma\source\repos\SistemaVenta\App\packages\System.Security.Cryptography.Encoding.4.3.0\ref\netstandard1.3\de\System.Security.Cryptography.Encoding.xml", "XML", 204, 0, 0, 0, 0, 0, 0, 0, 0, 204
"c:\Users\herma\source\repos\SistemaVenta\App\packages\System.Security.Cryptography.Encoding.4.3.0\ref\netstandard1.3\es\System.Security.Cryptography.Encoding.xml", "XML", 202, 0, 0, 0, 0, 0, 0, 0, 0, 202
"c:\Users\herma\source\repos\SistemaVenta\App\packages\System.Security.Cryptography.Encoding.4.3.0\ref\netstandard1.3\fr\System.Security.Cryptography.Encoding.xml", "XML", 204, 0, 0, 0, 0, 0, 0, 0, 0, 204
"c:\Users\herma\source\repos\SistemaVenta\App\packages\System.Security.Cryptography.Encoding.4.3.0\ref\netstandard1.3\it\System.Security.Cryptography.Encoding.xml", "XML", 204, 0, 0, 0, 0, 0, 0, 0, 0, 204
"c:\Users\herma\source\repos\SistemaVenta\App\packages\System.Security.Cryptography.Encoding.4.3.0\ref\netstandard1.3\ja\System.Security.Cryptography.Encoding.xml", "XML", 236, 0, 0, 0, 0, 0, 0, 0, 0, 236
"c:\Users\herma\source\repos\SistemaVenta\App\packages\System.Security.Cryptography.Encoding.4.3.0\ref\netstandard1.3\ko\System.Security.Cryptography.Encoding.xml", "XML", 235, 0, 0, 0, 0, 0, 0, 0, 0, 235
"c:\Users\herma\source\repos\SistemaVenta\App\packages\System.Security.Cryptography.Encoding.4.3.0\ref\netstandard1.3\ru\System.Security.Cryptography.Encoding.xml", "XML", 197, 0, 0, 0, 0, 0, 0, 0, 0, 197
"c:\Users\herma\source\repos\SistemaVenta\App\packages\System.Security.Cryptography.Encoding.4.3.0\ref\netstandard1.3\zh-hans\System.Security.Cryptography.Encoding.xml", "XML", 214, 0, 0, 0, 0, 0, 0, 0, 0, 214
"c:\Users\herma\source\repos\SistemaVenta\App\packages\System.Security.Cryptography.Encoding.4.3.0\ref\netstandard1.3\zh-hant\System.Security.Cryptography.Encoding.xml", "XML", 212, 0, 0, 0, 0, 0, 0, 0, 0, 212
"c:\Users\herma\source\repos\SistemaVenta\App\packages\System.Security.Cryptography.X509Certificates.4.3.0\ref\netstandard1.3\System.Security.Cryptography.X509Certificates.xml", "XML", 1556, 0, 0, 0, 0, 0, 0, 0, 0, 1556
"c:\Users\herma\source\repos\SistemaVenta\App\packages\System.Security.Cryptography.X509Certificates.4.3.0\ref\netstandard1.3\de\System.Security.Cryptography.X509Certificates.xml", "XML", 1558, 0, 0, 0, 0, 0, 0, 0, 0, 1558
"c:\Users\herma\source\repos\SistemaVenta\App\packages\System.Security.Cryptography.X509Certificates.4.3.0\ref\netstandard1.3\es\System.Security.Cryptography.X509Certificates.xml", "XML", 1563, 0, 0, 0, 0, 0, 0, 0, 0, 1563
"c:\Users\herma\source\repos\SistemaVenta\App\packages\System.Security.Cryptography.X509Certificates.4.3.0\ref\netstandard1.3\fr\System.Security.Cryptography.X509Certificates.xml", "XML", 1570, 0, 0, 0, 0, 0, 0, 0, 0, 1570
"c:\Users\herma\source\repos\SistemaVenta\App\packages\System.Security.Cryptography.X509Certificates.4.3.0\ref\netstandard1.3\it\System.Security.Cryptography.X509Certificates.xml", "XML", 1559, 0, 0, 0, 0, 0, 0, 0, 0, 1559
"c:\Users\herma\source\repos\SistemaVenta\App\packages\System.Security.Cryptography.X509Certificates.4.3.0\ref\netstandard1.3\ja\System.Security.Cryptography.X509Certificates.xml", "XML", 1723, 0, 0, 0, 0, 0, 0, 0, 0, 1723
"c:\Users\herma\source\repos\SistemaVenta\App\packages\System.Security.Cryptography.X509Certificates.4.3.0\ref\netstandard1.3\ko\System.Security.Cryptography.X509Certificates.xml", "XML", 1726, 0, 0, 0, 0, 0, 0, 0, 0, 1726
"c:\Users\herma\source\repos\SistemaVenta\App\packages\System.Security.Cryptography.X509Certificates.4.3.0\ref\netstandard1.3\ru\System.Security.Cryptography.X509Certificates.xml", "XML", 1523, 0, 0, 0, 0, 0, 0, 0, 0, 1523
"c:\Users\herma\source\repos\SistemaVenta\App\packages\System.Security.Cryptography.X509Certificates.4.3.0\ref\netstandard1.3\zh-hans\System.Security.Cryptography.X509Certificates.xml", "XML", 1633, 0, 0, 0, 0, 0, 0, 0, 0, 1633
"c:\Users\herma\source\repos\SistemaVenta\App\packages\System.Security.Cryptography.X509Certificates.4.3.0\ref\netstandard1.3\zh-hant\System.Security.Cryptography.X509Certificates.xml", "XML", 1646, 0, 0, 0, 0, 0, 0, 0, 0, 1646
"c:\Users\herma\source\repos\SistemaVenta\App\packages\System.Security.Cryptography.X509Certificates.4.3.0\ref\netstandard1.4\System.Security.Cryptography.X509Certificates.xml", "XML", 1556, 0, 0, 0, 0, 0, 0, 0, 0, 1556
"c:\Users\herma\source\repos\SistemaVenta\App\packages\System.Security.Cryptography.X509Certificates.4.3.0\ref\netstandard1.4\de\System.Security.Cryptography.X509Certificates.xml", "XML", 1558, 0, 0, 0, 0, 0, 0, 0, 0, 1558
"c:\Users\herma\source\repos\SistemaVenta\App\packages\System.Security.Cryptography.X509Certificates.4.3.0\ref\netstandard1.4\es\System.Security.Cryptography.X509Certificates.xml", "XML", 1563, 0, 0, 0, 0, 0, 0, 0, 0, 1563
"c:\Users\herma\source\repos\SistemaVenta\App\packages\System.Security.Cryptography.X509Certificates.4.3.0\ref\netstandard1.4\fr\System.Security.Cryptography.X509Certificates.xml", "XML", 1570, 0, 0, 0, 0, 0, 0, 0, 0, 1570
"c:\Users\herma\source\repos\SistemaVenta\App\packages\System.Security.Cryptography.X509Certificates.4.3.0\ref\netstandard1.4\it\System.Security.Cryptography.X509Certificates.xml", "XML", 1559, 0, 0, 0, 0, 0, 0, 0, 0, 1559
"c:\Users\herma\source\repos\SistemaVenta\App\packages\System.Security.Cryptography.X509Certificates.4.3.0\ref\netstandard1.4\ja\System.Security.Cryptography.X509Certificates.xml", "XML", 1723, 0, 0, 0, 0, 0, 0, 0, 0, 1723
"c:\Users\herma\source\repos\SistemaVenta\App\packages\System.Security.Cryptography.X509Certificates.4.3.0\ref\netstandard1.4\ko\System.Security.Cryptography.X509Certificates.xml", "XML", 1726, 0, 0, 0, 0, 0, 0, 0, 0, 1726
"c:\Users\herma\source\repos\SistemaVenta\App\packages\System.Security.Cryptography.X509Certificates.4.3.0\ref\netstandard1.4\ru\System.Security.Cryptography.X509Certificates.xml", "XML", 1523, 0, 0, 0, 0, 0, 0, 0, 0, 1523
"c:\Users\herma\source\repos\SistemaVenta\App\packages\System.Security.Cryptography.X509Certificates.4.3.0\ref\netstandard1.4\zh-hans\System.Security.Cryptography.X509Certificates.xml", "XML", 1633, 0, 0, 0, 0, 0, 0, 0, 0, 1633
"c:\Users\herma\source\repos\SistemaVenta\App\packages\System.Security.Cryptography.X509Certificates.4.3.0\ref\netstandard1.4\zh-hant\System.Security.Cryptography.X509Certificates.xml", "XML", 1646, 0, 0, 0, 0, 0, 0, 0, 0, 1646
"c:\Users\herma\source\repos\SistemaVenta\App\packages\System.Text.RegularExpressions.4.3.1\ref\netcore50\System.Text.RegularExpressions.xml", "XML", 844, 0, 0, 0, 0, 0, 0, 0, 0, 844
"c:\Users\herma\source\repos\SistemaVenta\App\packages\System.Text.RegularExpressions.4.3.1\ref\netcore50\de\System.Text.RegularExpressions.xml", "XML", 844, 0, 0, 0, 0, 0, 0, 0, 0, 844
"c:\Users\herma\source\repos\SistemaVenta\App\packages\System.Text.RegularExpressions.4.3.1\ref\netcore50\es\System.Text.RegularExpressions.xml", "XML", 808, 0, 0, 0, 0, 0, 0, 0, 0, 808
"c:\Users\herma\source\repos\SistemaVenta\App\packages\System.Text.RegularExpressions.4.3.1\ref\netcore50\fr\System.Text.RegularExpressions.xml", "XML", 844, 0, 0, 0, 0, 0, 0, 0, 0, 844
"c:\Users\herma\source\repos\SistemaVenta\App\packages\System.Text.RegularExpressions.4.3.1\ref\netcore50\it\System.Text.RegularExpressions.xml", "XML", 843, 0, 0, 0, 0, 0, 0, 0, 0, 843
"c:\Users\herma\source\repos\SistemaVenta\App\packages\System.Text.RegularExpressions.4.3.1\ref\netcore50\ja\System.Text.RegularExpressions.xml", "XML", 864, 0, 0, 0, 0, 0, 0, 0, 0, 864
"c:\Users\herma\source\repos\SistemaVenta\App\packages\System.Text.RegularExpressions.4.3.1\ref\netcore50\ko\System.Text.RegularExpressions.xml", "XML", 863, 0, 0, 0, 0, 0, 0, 0, 0, 863
"c:\Users\herma\source\repos\SistemaVenta\App\packages\System.Text.RegularExpressions.4.3.1\ref\netcore50\ru\System.Text.RegularExpressions.xml", "XML", 777, 0, 0, 0, 0, 0, 0, 0, 0, 777
"c:\Users\herma\source\repos\SistemaVenta\App\packages\System.Text.RegularExpressions.4.3.1\ref\netcore50\zh-hans\System.Text.RegularExpressions.xml", "XML", 849, 0, 0, 0, 0, 0, 0, 0, 0, 849
"c:\Users\herma\source\repos\SistemaVenta\App\packages\System.Text.RegularExpressions.4.3.1\ref\netcore50\zh-hant\System.Text.RegularExpressions.xml", "XML", 852, 0, 0, 0, 0, 0, 0, 0, 0, 852
"c:\Users\herma\source\repos\SistemaVenta\App\packages\System.Text.RegularExpressions.4.3.1\ref\netstandard1.0\System.Text.RegularExpressions.xml", "XML", 844, 0, 0, 0, 0, 0, 0, 0, 0, 844
"c:\Users\herma\source\repos\SistemaVenta\App\packages\System.Text.RegularExpressions.4.3.1\ref\netstandard1.0\de\System.Text.RegularExpressions.xml", "XML", 844, 0, 0, 0, 0, 0, 0, 0, 0, 844
"c:\Users\herma\source\repos\SistemaVenta\App\packages\System.Text.RegularExpressions.4.3.1\ref\netstandard1.0\es\System.Text.RegularExpressions.xml", "XML", 808, 0, 0, 0, 0, 0, 0, 0, 0, 808
"c:\Users\herma\source\repos\SistemaVenta\App\packages\System.Text.RegularExpressions.4.3.1\ref\netstandard1.0\fr\System.Text.RegularExpressions.xml", "XML", 844, 0, 0, 0, 0, 0, 0, 0, 0, 844
"c:\Users\herma\source\repos\SistemaVenta\App\packages\System.Text.RegularExpressions.4.3.1\ref\netstandard1.0\it\System.Text.RegularExpressions.xml", "XML", 843, 0, 0, 0, 0, 0, 0, 0, 0, 843
"c:\Users\herma\source\repos\SistemaVenta\App\packages\System.Text.RegularExpressions.4.3.1\ref\netstandard1.0\ja\System.Text.RegularExpressions.xml", "XML", 864, 0, 0, 0, 0, 0, 0, 0, 0, 864
"c:\Users\herma\source\repos\SistemaVenta\App\packages\System.Text.RegularExpressions.4.3.1\ref\netstandard1.0\ko\System.Text.RegularExpressions.xml", "XML", 863, 0, 0, 0, 0, 0, 0, 0, 0, 863
"c:\Users\herma\source\repos\SistemaVenta\App\packages\System.Text.RegularExpressions.4.3.1\ref\netstandard1.0\ru\System.Text.RegularExpressions.xml", "XML", 777, 0, 0, 0, 0, 0, 0, 0, 0, 777
"c:\Users\herma\source\repos\SistemaVenta\App\packages\System.Text.RegularExpressions.4.3.1\ref\netstandard1.0\zh-hans\System.Text.RegularExpressions.xml", "XML", 849, 0, 0, 0, 0, 0, 0, 0, 0, 849
"c:\Users\herma\source\repos\SistemaVenta\App\packages\System.Text.RegularExpressions.4.3.1\ref\netstandard1.0\zh-hant\System.Text.RegularExpressions.xml", "XML", 852, 0, 0, 0, 0, 0, 0, 0, 0, 852
"c:\Users\herma\source\repos\SistemaVenta\App\packages\System.Text.RegularExpressions.4.3.1\ref\netstandard1.3\System.Text.RegularExpressions.xml", "XML", 844, 0, 0, 0, 0, 0, 0, 0, 0, 844
"c:\Users\herma\source\repos\SistemaVenta\App\packages\System.Text.RegularExpressions.4.3.1\ref\netstandard1.3\de\System.Text.RegularExpressions.xml", "XML", 844, 0, 0, 0, 0, 0, 0, 0, 0, 844
"c:\Users\herma\source\repos\SistemaVenta\App\packages\System.Text.RegularExpressions.4.3.1\ref\netstandard1.3\es\System.Text.RegularExpressions.xml", "XML", 808, 0, 0, 0, 0, 0, 0, 0, 0, 808
"c:\Users\herma\source\repos\SistemaVenta\App\packages\System.Text.RegularExpressions.4.3.1\ref\netstandard1.3\fr\System.Text.RegularExpressions.xml", "XML", 844, 0, 0, 0, 0, 0, 0, 0, 0, 844
"c:\Users\herma\source\repos\SistemaVenta\App\packages\System.Text.RegularExpressions.4.3.1\ref\netstandard1.3\it\System.Text.RegularExpressions.xml", "XML", 843, 0, 0, 0, 0, 0, 0, 0, 0, 843
"c:\Users\herma\source\repos\SistemaVenta\App\packages\System.Text.RegularExpressions.4.3.1\ref\netstandard1.3\ja\System.Text.RegularExpressions.xml", "XML", 864, 0, 0, 0, 0, 0, 0, 0, 0, 864
"c:\Users\herma\source\repos\SistemaVenta\App\packages\System.Text.RegularExpressions.4.3.1\ref\netstandard1.3\ko\System.Text.RegularExpressions.xml", "XML", 863, 0, 0, 0, 0, 0, 0, 0, 0, 863
"c:\Users\herma\source\repos\SistemaVenta\App\packages\System.Text.RegularExpressions.4.3.1\ref\netstandard1.3\ru\System.Text.RegularExpressions.xml", "XML", 777, 0, 0, 0, 0, 0, 0, 0, 0, 777
"c:\Users\herma\source\repos\SistemaVenta\App\packages\System.Text.RegularExpressions.4.3.1\ref\netstandard1.3\zh-hans\System.Text.RegularExpressions.xml", "XML", 849, 0, 0, 0, 0, 0, 0, 0, 0, 849
"c:\Users\herma\source\repos\SistemaVenta\App\packages\System.Text.RegularExpressions.4.3.1\ref\netstandard1.3\zh-hant\System.Text.RegularExpressions.xml", "XML", 852, 0, 0, 0, 0, 0, 0, 0, 0, 852
"c:\Users\herma\source\repos\SistemaVenta\App\packages\System.Text.RegularExpressions.4.3.1\ref\netstandard1.6\System.Text.RegularExpressions.xml", "XML", 844, 0, 0, 0, 0, 0, 0, 0, 0, 844
"c:\Users\herma\source\repos\SistemaVenta\App\packages\System.Text.RegularExpressions.4.3.1\ref\netstandard1.6\de\System.Text.RegularExpressions.xml", "XML", 844, 0, 0, 0, 0, 0, 0, 0, 0, 844
"c:\Users\herma\source\repos\SistemaVenta\App\packages\System.Text.RegularExpressions.4.3.1\ref\netstandard1.6\es\System.Text.RegularExpressions.xml", "XML", 808, 0, 0, 0, 0, 0, 0, 0, 0, 808
"c:\Users\herma\source\repos\SistemaVenta\App\packages\System.Text.RegularExpressions.4.3.1\ref\netstandard1.6\fr\System.Text.RegularExpressions.xml", "XML", 844, 0, 0, 0, 0, 0, 0, 0, 0, 844
"c:\Users\herma\source\repos\SistemaVenta\App\packages\System.Text.RegularExpressions.4.3.1\ref\netstandard1.6\it\System.Text.RegularExpressions.xml", "XML", 843, 0, 0, 0, 0, 0, 0, 0, 0, 843
"c:\Users\herma\source\repos\SistemaVenta\App\packages\System.Text.RegularExpressions.4.3.1\ref\netstandard1.6\ja\System.Text.RegularExpressions.xml", "XML", 864, 0, 0, 0, 0, 0, 0, 0, 0, 864
"c:\Users\herma\source\repos\SistemaVenta\App\packages\System.Text.RegularExpressions.4.3.1\ref\netstandard1.6\ko\System.Text.RegularExpressions.xml", "XML", 863, 0, 0, 0, 0, 0, 0, 0, 0, 863
"c:\Users\herma\source\repos\SistemaVenta\App\packages\System.Text.RegularExpressions.4.3.1\ref\netstandard1.6\ru\System.Text.RegularExpressions.xml", "XML", 777, 0, 0, 0, 0, 0, 0, 0, 0, 777
"c:\Users\herma\source\repos\SistemaVenta\App\packages\System.Text.RegularExpressions.4.3.1\ref\netstandard1.6\zh-hans\System.Text.RegularExpressions.xml", "XML", 849, 0, 0, 0, 0, 0, 0, 0, 0, 849
"c:\Users\herma\source\repos\SistemaVenta\App\packages\System.Text.RegularExpressions.4.3.1\ref\netstandard1.6\zh-hant\System.Text.RegularExpressions.xml", "XML", 852, 0, 0, 0, 0, 0, 0, 0, 0, 852
"c:\Users\herma\source\repos\SistemaVenta\App\packages\iTextSharp.5.5.13.3\LICENSE.md", "Markdown", 0, 0, 0, 0, 0, 9, 0, 0, 6, 15
"c:\Users\herma\source\repos\SistemaVenta\App\packages\iTextSharp.5.5.13.3\gnu-agpl-v3.0.md", "Markdown", 0, 0, 0, 0, 0, 545, 0, 0, 107, 652
"c:\Users\herma\source\repos\SistemaVenta\App\packages\iTextSharp.5.5.13.3\lib\iTextSharp.xml", "XML", 37052, 0, 0, 0, 0, 0, 0, 501, 960, 38513
"c:\Users\herma\source\repos\SistemaVenta\App\packages\itextsharp.xmlworker.5.5.13.3\LICENSE.md", "Markdown", 0, 0, 0, 0, 0, 9, 0, 0, 6, 15
"c:\Users\herma\source\repos\SistemaVenta\App\packages\itextsharp.xmlworker.5.5.13.3\gnu-agpl-v3.0.md", "Markdown", 0, 0, 0, 0, 0, 545, 0, 0, 107, 652
"Total", "-", 2694521, 18745, 5736, 15, 208, 1125, 1299, 4184, 3277, 2729110